,Unnamed: 0,page_num,title,title_link,publication_info,snippet,cited_by_link
0,0,10.0,Risk propagation based dynamic transportation route finding mechanism,https://www.emerald.com/insight/content/doi/10.1108/02635571211193662/full/html,"KS Shin, YW Shin, JH Kwon, SH Kang - Industrial Management & …, 2012 - emerald.com","… The risk propagation is modelled by utilizing Bayesian belief network (BBN), which is widely … And then we describe how to model the risk propagation with BBN in Section 3. In Section 4, …","https://scholar.google.com/scholar?cites=7040336014067914213&as_sdt=2005&sciodt=0,5&hl=en"
1,1,10.0,Risk propagation of security SLAs in the cloud,https://ieeexplore.ieee.org/abstract/document/6477665/,"ML Hale, R Gamble - 2012 IEEE Globecom Workshops, 2012 - ieeexplore.ieee.org","… 6 shows our risk propagation and renegotiation algorithm which implements the 5 steps in Fig. 5 by traversing the service or federation chain, dynamically replacing problematic services…","https://scholar.google.com/scholar?cites=12487203235661366051&as_sdt=2005&sciodt=0,5&hl=en"
2,2,10.0,Distributed consensus and mitigating risk propagation in evolutionary optimized networks,https://link.springer.com/chapter/10.1007/978-4-431-54216-2_22,"T Komatsu, A Namatame - … , Techniques, and Applications in Modeling and …, 2012 - Springer","… same time, an increase in the chance of risk propagation which is extremely large. In this paper… networks are optimal not only for fast consensus but also for minimizing risk propagation. …","https://scholar.google.com/scholar?cites=8652739046097006638&as_sdt=2005&sciodt=0,5&hl=en"
3,0,10.0,Modeling and simulation for security risk propagation in critical information systems,https://link.springer.com/chapter/10.1007/978-3-540-74377-4_90,"YG Kim, D Jeong, SH Park, J Lim, DK Baik - International Conference on …, 2006 - Springer","… Existing risk propagation models are limited and inadequate for the analysis of cyber … Therefore, we herein propose a risk propagation model based on the Markov process, which can …","https://scholar.google.com/scholar?cites=15131443451663495825&as_sdt=2005&sciodt=0,5&hl=en"
4,1,10.0,Simulation of risk propagation model in information systems,https://ieeexplore.ieee.org/abstract/document/4076228/,"Y Kim, D Jeong, S Park, D Baik - … International Conference on …, 2006 - ieeexplore.ieee.org","… In this paper, a probabilistic model of risk propagation based on the Markov process, which … estimated by the Markov process-based risk propagation model are close to the real …","https://scholar.google.com/scholar?cites=11814316954570132029&as_sdt=2005&sciodt=0,5&hl=en"
5,2,10.0,[CITATION][C] Simulation of risk propagation model in information system,,"Y Gab Kim, D Jeong, D Park, D Baik - International conference on computational …, 2006",,"https://scholar.google.com/scholar?cites=15764177658234560536&as_sdt=2005&sciodt=0,5&hl=en"
6,3,10.0,[CITATION][C] Hidden Markov Model-based Probabilistic Approach for Evaluating Risk Propagation,,"YG Kim, D Jeong, DK Baik",,"https://scholar.google.com/scholar?q=related:ebBlGgfDYrUJ:scholar.google.com/&scioq=allintitle:%22risk+propagation%22&hl=en&as_sdt=0,5&as_ylo=2006&as_yhi=2006"
7,0,10.0,A new assessment and improvement model of risk propagation in information security,https://www.inderscienceonline.com/doi/abs/10.1504/IJICS.2007.013959,"S Kondakci - … Journal of Information and Computer Security, 2007 - inderscienceonline.com",… Fault detection is central to our model in which risk propagation is reduced by several stepwise decision processes. The evaluation process assumes a pre-defined attribute of security …,"https://scholar.google.com/scholar?cites=5073678164908115199&as_sdt=2005&sciodt=0,5&hl=en"
8,1,10.0,[PDF][PDF] Developing Risk Propagation Model for Estimating Ecological Responses of Streams to Anthropogenic Watershed Stresses and Stream Modifications,https://www.researchgate.net/profile/Richard-Shaker/publication/278678617_Developing_Risk_Propagation_Model_for_Estimating_Ecological_Responses_of_Streams_to_Anthropogenic_Watershed_Stresses_and_Stream_Modifications/links/5583249908aefa35fe30b67d/Developing-Risk-Propagation-Model-for-Estimating-Ecological-Responses-of-Streams-to-Anthropogenic-Watershed-Stresses-and-Stream-Modifications.pdf,"V Novotny, E Manolakos, T Ehlinger, A Bartošová… - 2007 - researchgate.net","… The layered hierarchical model system, developed by Artificial Neural Net (ANN) modeling and analysis, will be based on probabilistic risk propagation and linking the stresses with …","https://scholar.google.com/scholar?cites=7796467461469066518&as_sdt=2005&sciodt=0,5&hl=en"
9,2,10.0,Extended-enterprise information security: a risk propagation framework for information supply chains,https://aisel.aisnet.org/cgi/viewcontent.cgi?article=1780&context=amcis2007,"R Behara, CD Huang, Q Hu - AMCIS 2007 Proceedings, 2007 - aisel.aisnet.org","… While understanding of all three types of risk propagation is important, as the initial attempt, in this study we focus on modeling the threat propagation through a communication network …","https://scholar.google.com/scholar?cites=18145798116229685714&as_sdt=2005&sciodt=0,5&hl=en"
10,3,10.0,Environmental Risk Propagation From Contaminated Land Through Groundwater,https://ui.adsabs.harvard.edu/abs/2007AGUFM.H23B1303P/abstract,"K Persson, G Destouni - AGU Fall Meeting Abstracts, 2007 - ui.adsabs.harvard.edu","We present and use a limiting-scenario methodology for investigating the spatial development of environmental risk, defined as the probability of groundwater contaminant …","https://scholar.google.com/scholar?cites=6593281686221991576&as_sdt=2005&sciodt=0,5&hl=en"
11,4,10.0,[CITATION][C] Risk propagation model for assessing network informationsystems.,,"YZ Zhang, BX Fang, Y Chi, XC Yun - Ruan Jian Xue Bao(Journal of Software), 2007",,"https://scholar.google.com/scholar?cites=8530045267770824598&as_sdt=2005&sciodt=0,5&hl=en"
12,5,10.0,HMM-based approach for evaluating risk propagation,https://link.springer.com/chapter/10.1007/978-3-540-71549-8_41,"YG Kim, J Lim - Pacific-Asia Workshop on Intelligence and Security …, 2007 - Springer","… , risk propagation model to incorporate the ability to deal with the unexpected frequency of cyber attacks. The newly proposed HMM-based, risk propagation … , risk propagation model …","https://scholar.google.com/scholar?q=related:Ae10JjJU12MJ:scholar.google.com/&scioq=allintitle:%22risk+propagation%22&hl=en&as_sdt=0,5&as_ylo=2007&as_yhi=2007"
13,6,10.0,[CITATION][C] Empirical research on the risk propagation of domestic and international metal futures markets [J],,"Y Fang, Y Zhang - Financial research, 2007",,"https://scholar.google.com/scholar?cites=1649569162656903926&as_sdt=2005&sciodt=0,5&hl=en"
14,0,10.0,[HTML][HTML] Cascading failures in bi-partite graphs: model for systemic risk propagation,https://www.nature.com/articles/srep01219,"X Huang, I Vodenska, S Havlin, HE Stanley - Scientific reports, 2013 - nature.com","… Because it is important that policy makers keep the world economic system in the stable region, we suggest that our model for systemic risk propagation might also be applicable to …","https://scholar.google.com/scholar?cites=10921395461881416435&as_sdt=2005&sciodt=0,5&hl=en"
15,1,10.0,Dealing with project complexity by matrix-based propagation modelling for project risk analysis,https://www.tandfonline.com/doi/abs/10.1080/09544828.2012.720014,"C Fang, F Marle - Journal of Engineering Design, 2013 - Taylor & Francis",… A matrix-based risk propagation model is introduced to calculate risk propagation and thus to re-evaluate risk characteristics such as probability and criticality. An eigenstructure …,"https://scholar.google.com/scholar?cites=5737849711586726557&as_sdt=2005&sciodt=0,5&hl=en"
16,2,10.0,[BOOK][B] Risk Propagation Assessment for Network Security: Application to Airport Communication Network Design,https://books.google.com/books?hl=en&lr=&id=J65on18NVKEC&oi=fnd&pg=PT5&dq=%22risk+propagation%22&ots=xmZTUhva8b&sig=zlUnUB2VPifqUhBlC9D-qmuAUMQ,"MSB Mahmoud, N Larrieu, A Pirovano - 2013 - books.google.com","… The main goal is to present and illustrate an innovative risk propagation-based quantitative … namely risk propagation. In this book, we fill this gap showing how important risk propagation …","https://scholar.google.com/scholar?cites=14542792297926535419&as_sdt=2005&sciodt=0,5&hl=en"
17,3,10.0,A Quantitative Network Risk Assessment Methodology Based on Risk Propagation,https://onlinelibrary.wiley.com/doi/abs/10.1002/9781118579947.ch3,"MS Ben Mahmoud, N Larrieu… - Risk Propagation …, 2013 - Wiley Online Library",… This chapter introduces an original risk assessment approach based on risk propagation for … a successful attack on a node and the risk propagation of that attack within the network. The …,"https://scholar.google.com/scholar?q=related:DThbeA2BJhMJ:scholar.google.com/&scioq=allintitle:%22risk+propagation%22&hl=en&as_sdt=0,5&as_ylo=2013&as_yhi=2013"
18,4,10.0,LSC 2013 abstract-Characterization of Tbx21-deficient mice as a model for transgenerational asthma risk propagation,https://erj.ersjournals.com/content/42/Suppl_57/PP137.short,"S Dehmel, P Nathan, K Milger, R Imker, O Eickelberg… - 2013 - Eur Respiratory Soc","Background: Maternal asthma is a known risk factor for developing asthma later in life, but the underlying molecular mechanisms are not well understood. Thus, we characterized a …","https://scholar.google.com/scholar?q=related:Fz2OyDyNUhAJ:scholar.google.com/&scioq=allintitle:%22risk+propagation%22&hl=en&as_sdt=0,5&as_ylo=2013&as_yhi=2013"
19,5,10.0,[CITATION][C] Simulation of SIS-RP model in supply chain network risk propagation,,"K Yang, Z Zhang - Journal of Beijing Jiaotong University, 2013",,"https://scholar.google.com/scholar?cites=9110912832420306136&as_sdt=2005&sciodt=0,5&hl=en"
20,6,10.0,[CITATION][C] Complex information system security risk propagation research based on cellular automata,,"Z Li, GA Xu, XF Ban, Y Zhang, ZM Hu - Acta Physica Sinica, 2013",,"https://scholar.google.com/scholar?cites=5046171470326070502&as_sdt=2005&sciodt=0,5&hl=en"
21,7,10.0,[CITATION][C] Complex information system security risk propagation research based on cellular automata,,"L Zhao, X Guo-Ai, B Xiao-Fang… - Acta Physica …, 2013 - … SOC PO BOX 603, BEIJING 100080 …",,"https://scholar.google.com/scholar?cites=11279780125185751816&as_sdt=2005&sciodt=0,5&hl=en"
22,8,10.0,[CITATION][C] Cascading failures in bi-partite graphs: Model for systemic risk propagation,,"VIHSS HE, X Huang - Nature, Scientific Reports, Published, 2013",,"https://scholar.google.com/scholar?cites=18179116769032802071&as_sdt=2005&sciodt=0,5&hl=en"
23,9,10.0,[CITATION][C] Study on Risk Propagation Mechanism of Supply Chain Network Based on Complex Network Theory,,"K Yang, ZY Zhang - System Science and Mathematics, 2013",,"https://scholar.google.com/scholar?cites=6353718030575843437&as_sdt=2005&sciodt=0,5&hl=en"
24,10,20.0,[CITATION][C] A New Approach to Measuring Macro financial Risk Propagation,,"R Merton - A Presentation to, 2013",,"https://scholar.google.com/scholar?cites=9139655751181339746&as_sdt=2005&sciodt=0,5&hl=en"
25,11,20.0,"[CITATION][C] Cascading failures in bi-partite graphs: Model for systemic risk propagation. Sci. Rep. 3, 13",,"X Huang, I Vodenska, S Havlin, H Eugene Stanley - 2013",,"https://scholar.google.com/scholar?cites=9552518927383021595&as_sdt=2005&sciodt=0,5&hl=en"
26,12,20.0,[CITATION][C] Risk propagation assessment for network security,,"MS Ben Mahmoud, A Pirovano, N Larrieu - 2013 - Wiley",,"https://scholar.google.com/scholar?q=related:AYo8Cmr6KrsJ:scholar.google.com/&scioq=allintitle:%22risk+propagation%22&hl=en&as_sdt=0,5&as_ylo=2013&as_yhi=2013"
27,0,10.0,[CITATION][C] A fire risk propagation map based on NDVI anomalies,,"E De Badts, G López, B Wickel, I Cruz, R Jiménez - Proceedings of the 5th …, 2005",,"https://scholar.google.com/scholar?cites=7113956345868482530&as_sdt=2005&sciodt=0,5&hl=en"
28,0,10.0,Systems thinking for modeling risk propagation in supply networks,https://ieeexplore.ieee.org/abstract/document/6118203/,"A Ghadge, S Dani, R Kalawsky - 2011 IEEE International …, 2011 - ieeexplore.ieee.org","… develops initial conceptual understanding of risk propagation. The systemic approach to … risk propagation, we identify key supply chain risks and their approximate risk propagation …","https://scholar.google.com/scholar?cites=11307481919989590870&as_sdt=2005&sciodt=0,5&hl=en"
29,1,10.0,A risk propagation based quantitative assessment methodology for network security-aeronautical network case study,https://ieeexplore.ieee.org/abstract/document/5931372/,"MSB Mahmoud, N Larrieu… - 2011 Conference on …, 2011 - ieeexplore.ieee.org",… This paper presents an original risk assessment approach based on risk propagation and network node correlation to provide relevant and accurate results. Each parameter involved in …,"https://scholar.google.com/scholar?cites=8837386810834433255&as_sdt=2005&sciodt=0,5&hl=en"
30,2,10.0,Research on public's perception of risk propagation process of nuclear power plant,https://ieeexplore.ieee.org/abstract/document/6184041/,"G Zheng, Y Song, Z Zhang - Proceedings of International …, 2011 - ieeexplore.ieee.org","Research on public's perception of risk propagation process of nuclear power plant … So in this paper, the nuclear risk propagation … (risk propagation …","https://scholar.google.com/scholar?q=related:0Qp4ME_qRdUJ:scholar.google.com/&scioq=allintitle:%22risk+propagation%22&hl=en&as_sdt=0,5&as_ylo=2011&as_yhi=2011"
31,3,10.0,Hierarchical real-time risk assessment based on risk propagation,https://www.infona.pl/resource/bwmeta1.element.elsevier-70ff5f3c-5542-386d-9bf8-bf61e5dc1921,"W Li, S Tian - Energy Procedia, 2011 - infona.pl","… In this paper a hierarchical real-time risk assessment approach based on risk propagation is presented. The approach real-time calculates risks of services, hosts and network caused …","https://scholar.google.com/scholar?q=related:2dXWcME_nzwJ:scholar.google.com/&scioq=allintitle:%22risk+propagation%22&hl=en&as_sdt=0,5&as_ylo=2011&as_yhi=2011"
32,4,10.0,Modeling and Analysing Propagation Behavior in Complex Risk Network: A Decision Support System for Project Risk Management,https://www.theses.fr/2011ECAP0052,C Fang - 2011 - theses.fr,"… In this regard, we argue that risk propagation behavior should be modeled and analyzed in … The study in this chapter aims at analyzing behaviors like risk propagation in the built risk …","https://scholar.google.com/scholar?cites=14192908375869175334&as_sdt=2005&sciodt=0,5&hl=en"
33,5,10.0,[CITATION][C] Analysis of software safety risk propagation based on small world networks,,"X Liu, J Zhou, P Luo - Journal of …, 2011 - Editorial Department of Journal of JU",,"https://scholar.google.com/scholar?q=related:abIIb7A0_xIJ:scholar.google.com/&scioq=allintitle:%22risk+propagation%22&hl=en&as_sdt=0,5&as_ylo=2011&as_yhi=2011"
34,6,10.0,[CITATION][C] Risk Propagation in Supply Chains,,"A Serrano, R Oliva, S Kraiselburd",,"https://scholar.google.com/scholar?q=related:Y2MrMC5tohAJ:scholar.google.com/&scioq=allintitle:%22risk+propagation%22&hl=en&as_sdt=0,5&as_ylo=2011&as_yhi=2011"
35,0,10.0,[PDF][PDF] Input-output impact risk propagation in critical infrastructure interdependency,https://research-repository.griffith.edu.au/bitstream/handle/10072/38274/67691_1.pdf?sequence=1,"A Owusu, S Mohamed… - … of the 13th …, 2010 - research-repository.griffith.edu.au",… This paper has exhibited impact risk propagation in a network of critical infrastructures and elucidated risk transfer due to network interdependency and or resilience of the infrastructures…,"https://scholar.google.com/scholar?cites=17268299634260406091&as_sdt=2005&sciodt=0,5&hl=en"
36,1,10.0,System development and risk propagation in systems-of-systems,https://apps.dtic.mil/sti/citations/ADA530222,"M Mane, D DeLaurentis - 2010 - apps.dtic.mil",… The progress documented in this paper focuses on the quantification of risk propagation and the impact of network topologies on the propagation of disruptions. The improved model …,"https://scholar.google.com/scholar?cites=7557063930730983423&as_sdt=2005&sciodt=0,5&hl=en"
37,2,10.0,[PDF][PDF] System integration and risk propagation in aeronautical systems-of-systems,http://www.icas.org/ICAS_ARCHIVE/ICAS2010/PAPERS/525.PDF,"M Mane, DA DeLaurentis - Proc. Congress of Int. Council of the …, 2010 - icas.org",The capability-based acquisition approach emphasizes required operational capabilities (rather than individual system performance) and thus directly leads to the simultaneous …,"https://scholar.google.com/scholar?cites=7228493628310424882&as_sdt=2005&sciodt=0,5&hl=en"
38,3,10.0,[CITATION][C] Research on mechanism and control of disruption risk propagation in supply chain networks,,SX Wang - 2010 - Ph. D Dissertation of Donghua …,,"https://scholar.google.com/scholar?cites=7326076307881411041&as_sdt=2005&sciodt=0,5&hl=en"
39,0,10.0,Interest rate risk propagation: Evidence from the credit crunch,https://www.sciencedirect.com/science/article/pii/S1062940814000308,"HF Yang, CL Liu, RY Chou - The North American Journal of Economics and …, 2014 - Elsevier","… To construct a contagion risk model in which ex-ante risk propagation can be quantitatively measured without distribution limitations, we modify the CoVaR model proposed by Adrian …","https://scholar.google.com/scholar?cites=1932068409247899987&as_sdt=2005&sciodt=0,5&hl=en"
40,1,10.0,[PDF][PDF] Propagation mechanism of credit risk in the credit cycle,https://www.researchgate.net/profile/Dmitry-Burakov-2/publication/265208428_Propagation_Mechanism_of_Credit_Risk_in_the_Credit_Cycle/links/5404ee4a0cf2bba34c1d22e9/Propagation-Mechanism-of-Credit-Risk-in-the-Credit-Cycle.pdf,"DV Burakov - European journal of social sciences, 2014 - researchgate.net","… Coordination channel of the credit risk propagation represents a set of effects, resulting, on the one hand from the existing organization of the credit market, and on the other hand is a …","https://scholar.google.com/scholar?cites=2451746597258455713&as_sdt=2005&sciodt=0,5&hl=en"
41,2,10.0,Supply chain risk management: a propagation scanning methodology,https://researchportal.hw.ac.uk/en/publications/supply-chain-risk-management-a-propagation-scanning-methodology,"S Dani, A Ghadge - EurOMA Conference, 2014 - researchportal.hw.ac.uk",… This paper presents work done in the area of supply chain risk propagation. The premise of … more holistically to get a view of risk propagation and the progressive impact. The study is …,"https://scholar.google.com/scholar?q=related:ESZxj9Ly5xcJ:scholar.google.com/&scioq=allintitle:%22risk+propagation%22&hl=en&as_sdt=0,5&as_ylo=2014&as_yhi=2014"
42,3,10.0,Modelling Risk Dependencies and Propagation in Supply Chains,https://macsphere.mcmaster.ca/handle/11375/13902,BL Morteza - 2014 - macsphere.mcmaster.ca,"… In Chapter 3 we propose a model for risk propagation. Then we investigate the effect of the March 11, 2011 earthquake on Toyota and Honda supply chains in Chapter 4. We analyze …","https://scholar.google.com/scholar?q=related:SB32g1Hfx2EJ:scholar.google.com/&scioq=allintitle:%22risk+propagation%22&hl=en&as_sdt=0,5&as_ylo=2014&as_yhi=2014"
43,4,10.0,Propagation and dissipation of crash risk on saturated freeways,https://www.tandfonline.com/doi/abs/10.1080/21680566.2014.930675,"Y Kuang, X Qu, S Wang - Transportmetrica B: Transport Dynamics, 2014 - Taylor & Francis",This paper presents a simulation-based methodology for examining the propagation and dissipation of crash risks caused by different intensities of disturbances. A modified cellular …,"https://scholar.google.com/scholar?cites=6045795762684548485&as_sdt=2005&sciodt=0,5&hl=en"
44,5,10.0,[CITATION][C] Interest rate risk propagation: Evidence from the credit crunch,,劉志良 - 2014 - Elsevier,,"https://scholar.google.com/scholar?q=related:oGMxtGJAYJQJ:scholar.google.com/&scioq=allintitle:%22risk+propagation%22&hl=en&as_sdt=0,5&as_ylo=2014&as_yhi=2014"
45,0,10.0,An analytical framework for supply network risk propagation: A Bayesian network approach,https://www.sciencedirect.com/science/article/pii/S037722171400856X,"MD Garvey, S Carnovale, S Yeniyurt - European Journal of Operational …, 2015 - Elsevier",… risk propagation in supply networks. We utilize a Bayesian Network (BN) approach and develop a model of risk propagation … measures for risk and risk propagation in supply networks. …,"https://scholar.google.com/scholar?cites=12339564026797588788&as_sdt=2005&sciodt=0,5&hl=en"
46,1,10.0,Risk propagation mechanism: Qingdao crude oil leaking and explosion case study,https://www.sciencedirect.com/science/article/pii/S1350630714003033,"H Liu, W He, J Guo, Q Huang - Engineering Failure Analysis, 2015 - Elsevier","… Think of the power supply as the source of risk propagation. Without the power supply, the … of risk propagation has a direct connection with the distance and the speed of risk propagation…","https://scholar.google.com/scholar?cites=7844834782551386196&as_sdt=2005&sciodt=0,5&hl=en"
47,2,10.0,Risk propagation through a platform: The failure risk perspective on platform sharing,https://ieeexplore.ieee.org/abstract/document/7110585/,"CM Kang, YS Hong, WT Huh… - IEEE Transactions on …, 2015 - ieeexplore.ieee.org","… The platform risk propagation model formulated in this paper also assumes a direct causal link between defects and failures. Once a defect is present in the design, it can lead to failures …","https://scholar.google.com/scholar?cites=13519622302242618412&as_sdt=2005&sciodt=0,5&hl=en"
48,3,10.0,Failure risk propagation and protection schemes in coupled systems,https://www.sciencedirect.com/science/article/pii/S0960077915001757,"Z Wang, H Yao, G Yang, J Du - Chaos, Solitons & Fractals, 2015 - Elsevier","… For the sake of convenience, we denote the failure risk propagation process in coupled network as Coupled-Safe-Risky-Safe (C-SRS) model. The C-SRS model is the situation where …","https://scholar.google.com/scholar?cites=13842826908948024960&as_sdt=2005&sciodt=0,5&hl=en"
49,4,10.0,Agent-based modeling of economic volatility and risk propagation on evolving networks,https://link.springer.com/chapter/10.1007/978-3-319-13359-1_36,"Y Suzuki, A Namatame, Y Aruka - Proceedings of the 18th Asia Pacific …, 2015 - Springer","… However, our model has shown that the relationship between risk propagation and risk sharing cannot be clearly defined. Our findings suggest that there are issues with the role that the …","https://scholar.google.com/scholar?cites=14924703578432580205&as_sdt=2005&sciodt=0,5&hl=en"
50,5,10.0,A model to evaluate risk propagation considering effect of dynamic risk information sharing and multi-sourcing in supply chain networks,https://ieeexplore.ieee.org/abstract/document/7385916/,"HY Xu, X Fu, L Ponnambalam… - 2015 IEEE …, 2015 - ieeexplore.ieee.org","… companies to evaluate risk propagation and understand the … to better understand risk propagation in diversified supply chain … section 2, we present the risk propagation model; the …","https://scholar.google.com/scholar?cites=6852685899143276305&as_sdt=2005&sciodt=0,5&hl=en"
51,6,10.0,Risk propagation patterns of guarantee network based on the theory of complex network,http://journal.ucas.ac.cn/EN/abstract/abstract12302.shtml,"LUO Gang, Z Yawei, W Yong - Journal of University of Chinese …, 2015 - journal.ucas.ac.cn",… risk propagation model based on SI model. Then the risk density in steady state and risk propagation … Different risk infection sources would have different influences on risk propagation …,"https://scholar.google.com/scholar?cites=6092709205776307441&as_sdt=2005&sciodt=0,5&hl=en"
52,7,10.0,Designing Index for Assessing Structural Vulnerability of Supply Chain considering Risk Propagation,http://calsec.or.kr/jsebs/index.php/jsebs/article/view/182,"H Moon, KS Shin - Journal of Society for e-Business Studies, 2015 - calsec.or.kr",It is general that the impact of supply chain risk spread out to the whole network along the connected structure. Due to the risk propagation the probability to exposure a certain risk is …,"https://scholar.google.com/scholar?cites=4497110397431507180&as_sdt=2005&sciodt=0,5&hl=en"
53,8,10.0,Systemic risk propagation in bank-asset network: New perspective on Japanese banking crisis in the 1990s,https://papers.ssrn.com/sol3/papers.cfm?abstract_id=2596324,"Y Sakamoto, I Vodenska - IMA Journal of Complex Networks (2015 …, 2015 - papers.ssrn.com",… This indicates that it is important to consider not only individual banks’ asset portfolios but also systemic risk propagation or connections between banks for protecting financial …,"https://scholar.google.com/scholar?cites=17058677234960202741&as_sdt=2005&sciodt=0,5&hl=en"
54,9,10.0,Supply Risk Evaluation Method Considering Risk Propagation,http://www.jorms.net/EN/abstract/abstract8373.shtml,"Z Chuan, Y Wen-wen, YU Chao - Operations Research and Management …, 2015 - jorms.net","… the supply risk evaluation problem considering the risk propagation. In this method, … risk propagation is calculated. On this basis, supply risk is evaluated considering the risk propagation…","https://scholar.google.com/scholar?q=related:clfnOKEkWJ8J:scholar.google.com/&scioq=allintitle:%22risk+propagation%22&hl=en&as_sdt=0,5&as_ylo=2015&as_yhi=2015"
55,10,20.0,[PDF][PDF] FINANCIAL RISK PROPAGATION MODEL BASED ON PATTERN BASED SPECTRAL CLUSTERING IN DIRECTED WEIGHTED NETWORK,https://scholar.archive.org/work/5ac6iqxkuvgd3ageo5s3nlsd4q/access/wayback/http://www.icicel.org/ell/contents/2016/1/el-10-01-34.pdf,S Borjigin - scholar.archive.org,"… a financial risk propagation model based … risk propagation property of all the considered financial markets. At last, the proposed model was used to analyze the financial risk propagation …","https://scholar.google.com/scholar?q=related:fq32QYP01GYJ:scholar.google.com/&scioq=allintitle:%22risk+propagation%22&hl=en&as_sdt=0,5&as_ylo=2015&as_yhi=2015"
56,11,20.0,[CITATION][C] Risk propagation model of inter-enterprise on scale-free networks,,"H Yao, C Kong, F Zhou, L Chen - International Journal of Nonlinear Science, 2015",,"https://scholar.google.com/scholar?cites=11081477707180642881&as_sdt=2005&sciodt=0,5&hl=en"
57,12,20.0,[CITATION][C] Information physical security risk propagation mechanism in power system [J],,"Y Xia-ming, W Fu-zhen, S Jin-cheng - Power Grid Technology, 2015",,"https://scholar.google.com/scholar?cites=1112161083970578289&as_sdt=2005&sciodt=0,5&hl=en"
58,13,20.0,[CITATION][C] Optimization of design structure matrix in complex R&D projects based on rework risk propagation and pretreatment,,"Q Yang, C Shan, EL Tang - Chinese.] Syst. Eng. Theory Pract, 2015",,"https://scholar.google.com/scholar?cites=11538453180836413221&as_sdt=2005&sciodt=0,5&hl=en"
59,14,20.0,[CITATION][C] Information physical security risk propagation mechanism in power system,,"XM Ye, F Wen, J Shang - Power Grid Technol, 2015",,"https://scholar.google.com/scholar?cites=9541303953796427201&as_sdt=2005&sciodt=0,5&hl=en"
60,15,20.0,Ecology-inspired cyber risk model for propagation of vulnerability exploitation in tactical edge,https://ieeexplore.ieee.org/abstract/document/7357465/,"J Morris-King, H Cam - MILCOM 2015-2015 IEEE Military …, 2015 - ieeexplore.ieee.org","… : How does mobility impact cyber risk propagation and cohesion in a tactical network? … To represent cyber risk propagation, a single exploit is introduced on a host machine inside …","https://scholar.google.com/scholar?cites=928144298864748664&as_sdt=2005&sciodt=0,5&hl=en"
61,0,10.0,"Modeling Nutrient Export Risk, Forecasting Changes in Risk Due to Urbanization, and Estimating the Effects of Risk Propagation and Scale",https://ui.adsabs.harvard.edu/abs/2001AGUSM...H41B03W/abstract,"JD Wickham, RV O'Neill… - AGU Spring Meeting …, 2001 - ui.adsabs.harvard.edu","… nutrient decay models to measure the impact of risk propagation and the effect of scale. Results … For the risk propagation analysis, in-stream nutrient decay functions were linked to the …","https://scholar.google.com/scholar?q=related:E1LGPYUmDaIJ:scholar.google.com/&scioq=allintitle:%22risk+propagation%22&hl=en&as_sdt=0,5&as_ylo=2001&as_yhi=2001"
62,0,10.0,Real‐time optimal flood control decision making and risk propagation under multiple uncertainties,https://agupubs.onlinelibrary.wiley.com/doi/abs/10.1002/2017WR021480,"F Zhu, PA Zhong, Y Sun… - Water Resources Research, 2017 - Wiley Online Library","… We propose a risk assessment model to evaluate risk propagation from flood forecasts to … the risk propagation from flood forecast to optimal operation; namely, the risk propagation …","https://scholar.google.com/scholar?cites=3272350277270816562&as_sdt=2005&sciodt=0,5&hl=en"
63,1,10.0,[HTML][HTML] Evaluation of cyber security and modelling of risk propagation with Petri nets,https://www.mdpi.com/2073-8994/9/3/32/htm,"M Szpyrka, B Jasiul - Symmetry, 2017 - mdpi.com",… This article presents the method of risk propagation proposed within the project Cyberspace Security Threats Evaluation System of the Republic of Poland. The advantage of this …,"https://scholar.google.com/scholar?cites=15043629490420725114&as_sdt=2005&sciodt=0,5&hl=en"
64,2,10.0,[HTML][HTML] Estimating risk propagation between interacting firms on inter-firm complex network,https://journals.plos.org/plosone/article?id=10.1371/journal.pone.0185712,"H Goto, H Takayasu, M Takayasu - PloS one, 2017 - journals.plos.org","… We derive a stochastic function of risk propagation empirically from comprehensive data of chain-reaction bankruptcy events in Japan from 2006 to 2015 over 5,000 pairs of firms. The …","https://scholar.google.com/scholar?cites=704253400175363020&as_sdt=2005&sciodt=0,5&hl=en"
65,3,10.0,An information security risk assessment algorithm based on risk propagation in energy internet,https://ieeexplore.ieee.org/abstract/document/8245703/,"Q Hong, T Jianwei, T Zheng, Q Wenhui… - … IEEE Conference on …, 2017 - ieeexplore.ieee.org","… To solve the problem, this paper proposes an Information Security Risk Algorithm based on Dynamic Risk Propagation (ISRADRP). ISRADRP firstly divides information systems in the …","https://scholar.google.com/scholar?cites=5128916054375984950&as_sdt=2005&sciodt=0,5&hl=en"
66,4,10.0,[PDF][PDF] Systemic risk propagation and distress in bank networks,https://www.academia.edu/download/77367512/Vodenska_Systemic_Risk_Distress_FMA_Asia_2018.pdf,"I Vodenska, H Aoyama, AP Becker, Y Fujiwara… - 2017 - academia.edu",… We propose a model for systemic risk propagation based on common bank exposures to specific asset classes. We introduce the similarity in asset distribution among the banks as a …,"https://scholar.google.com/scholar?q=related:eY15u2uswjMJ:scholar.google.com/&scioq=allintitle:%22risk+propagation%22&hl=en&as_sdt=0,5&as_ylo=2017&as_yhi=2017"
67,5,10.0,Research on the Mechanism of Risk Cascading Propagation across Interdependent R&D Networks,https://link.springer.com/chapter/10.2991/978-94-6239-255-7_19,"Y ZHANG, N YANG - Proceedings of the 23rd International Conference on …, 2017 - Springer","… RISK PROPAGATION WITHIN SINGLE R&D NETWORK Existing studies about risk propagation … Next, we will model the risk propagation within one R&D network by defining the risk …","https://scholar.google.com/scholar?q=related:3sEEgxidt2sJ:scholar.google.com/&scioq=allintitle:%22risk+propagation%22&hl=en&as_sdt=0,5&as_ylo=2017&as_yhi=2017"
68,6,10.0,[CITATION][C] Agri-food supply chain modeling and risk propagation based on complex network theory,,"X Wang - 2017 - Jilin Uiniversity, China",,"https://scholar.google.com/scholar?cites=16084813107763406945&as_sdt=2005&sciodt=0,5&hl=en"
69,7,10.0,"[CITATION][C] Evaluation of cyber security and modelling of risk propagation with Petri nets. Symmetry, 9 (3), 1–32",,"M Szpyrka, B Jasiul - Search in, 2017",,"https://scholar.google.com/scholar?cites=715493304879250344&as_sdt=2005&sciodt=0,5&hl=en"
70,0,10.0,Risk propagation and its impact on performance in food processing supply chain: A fuzzy interpretive structural modeling based approach,https://www.emerald.com/insight/content/doi/10.1108/JM2-08-2014-0065/full/html,"A Chaudhuri, SK Srivastava, RK Srivastava… - Journal of Modelling in …, 2016 - emerald.com",… We define risk propagation as how risks originate at one node of the supply chain and create further risks across the supply chain. Developing understanding of how risks propagate is …,"https://scholar.google.com/scholar?cites=8161037790545178378&as_sdt=2005&sciodt=0,5&hl=en"
71,1,10.0,Robustness of assembly supply chain networks by considering risk propagation and cascading failure,https://www.sciencedirect.com/science/article/pii/S0378437116301613,"L Tang, K Jing, J He, HE Stanley - Physica A: Statistical Mechanics and its …, 2016 - Elsevier","… failure model of risk propagation that can quantify the … risk propagation mode and the RI of ASCN. Applying cascading failure theory, we will (i) describe the concept of risk propagation …","https://scholar.google.com/scholar?cites=3805153131794718686&as_sdt=2005&sciodt=0,5&hl=en"
72,2,10.0,[PDF][PDF] Risk propagation analysis and visualization using percolation theory,https://pdfs.semanticscholar.org/a113/3657b29dc87330464954762c61885cb0fba6.pdf,"S Konig, S Rass, S Schauer… - International Journal of …, 2016 - pdfs.semanticscholar.org","… -based approach for the analysis of risk propagation, using malware spreading as a … simulationbased method is described to assess risk propagation systematically. This simulation is …","https://scholar.google.com/scholar?cites=6692171937578149562&as_sdt=2005&sciodt=0,5&hl=en"
73,3,10.0,Agri-Food supply chain network risk propagation research based on complex network,https://link.springer.com/chapter/10.2991/978-94-6239-148-2_97,"Y Li, Z Du, L Zhang - Proceedings of the 6th International Asia Conference …, 2016 - Springer",… -food supply chain network risk propagation based on analyzing … This paper develops a risk propagation model for agri-food … chain risk propagation study is preliminarily demonstrated. …,"https://scholar.google.com/scholar?cites=7129093929633835434&as_sdt=2005&sciodt=0,5&hl=en"
74,4,10.0,Model and dynamic behavior of risk propagation in complex agricultural supply chain networks in China and their topological evolution,https://www.airitilibrary.com/Publication/alDetailedMesh?docid=16079264-201605-201606070007-201606070007-483-493,"G Zhao, S Gong, Y Yang, M Lin - 網際網路技術學刊, 2016 - airitilibrary.com","… and behavior of risk propagation in complex supply chain … , dynamic models for risk propagation in the networks and in their … behavioral characteristics for risk propagation in agricultural …","https://scholar.google.com/scholar?cites=12115913161463791880&as_sdt=2005&sciodt=0,5&hl=en"
75,5,10.0,"[BOOK][B] Project risk propagation modeling of engineering, procurement and construction",https://search.proquest.com/openview/496c847d4f0e39a74884620d37ac99f0/1?pq-origsite=gscholar&cbl=18750,A Atin - 2016 - search.proquest.com,"… risk propagation into later phases reduces uncertainty and the cost of every construction project. The risk propagation … Risk propagation model, such as the predictive model, can be a …","https://scholar.google.com/scholar?cites=8732163630916841126&as_sdt=2005&sciodt=0,5&hl=en"
76,6,10.0,Research on stock network modeling and risk propagation based on complex network analysis,https://ieeexplore.ieee.org/abstract/document/7427329/,"X Jin, Y Wu, C Jin - 2016 49th Hawaii International Conference …, 2016 - ieeexplore.ieee.org","… the measurement method of SI and thus establish the risk propagation model. On that basis, we … more nodes and widen the range of risk propagation, and effectively identify key stock …","https://scholar.google.com/scholar?cites=767270568083532804&as_sdt=2005&sciodt=0,5&hl=en"
77,7,10.0,The Role of Dynamic Complexity in Risk Propagation,https://link.springer.com/chapter/10.1007/978-3-662-49104-1_13,"N Abu el Ata, R Schmandt - The Tyranny of Uncertainty, 2016 - Springer","Once a system hits a singularity point, any corrective actions will be taken under panic conditions. Reactively fixing systems once a risk has manifested itself has become the standard …","https://scholar.google.com/scholar?q=related:8bbFAHuxUU4J:scholar.google.com/&scioq=allintitle:%22risk+propagation%22&hl=en&as_sdt=0,5&as_ylo=2016&as_yhi=2016"
78,8,10.0,[PDF][PDF] Simulating risk propagation in a supply chain,https://dspace.mit.edu/bitstream/handle/1721.1/102090/2009_5_Burdeus.pdf?sequence=1,J Burdeus - 2016 - dspace.mit.edu,"Supply chain decisions are important issues in many industries because they can have a major impact on the value of the firm. Having the goal of being more efficient, forces the …","https://scholar.google.com/scholar?q=related:XDNeYHakxXsJ:scholar.google.com/&scioq=allintitle:%22risk+propagation%22&hl=en&as_sdt=0,5&as_ylo=2016&as_yhi=2016"
79,9,10.0,[PDF][PDF] Innovation Risk Propagation Model in Industrial Cluster with Time Lag,http://www.internonlinearscience.org/upload/papers/IJNS-Vol22-No2-Paper8-20161010-Yao-risk.pdf,"J Yao, L Jiang, Y Kong - International Journal of …, 2016 - internonlinearscience.org","… a new industrial cluster innovation risk propagation model. Firstly, we give the following assumptions: (1)This paper considers the networks of innovation risk propagation as scale-free …","https://scholar.google.com/scholar?q=related:y8hkbL11-nEJ:scholar.google.com/&scioq=allintitle:%22risk+propagation%22&hl=en&as_sdt=0,5&as_ylo=2016&as_yhi=2016"
80,10,20.0,[CITATION][C] Modeling investment behavior and risk propagation in financial networks using inverse optimization,,"J Birge - 2016 - Working paper, University of …",,"https://scholar.google.com/scholar?cites=7991791477627505958&as_sdt=2005&sciodt=0,5&hl=en"
81,11,20.0,[CITATION][C] Study on Security Risk Propagation of Immune Mechanism under Complex Network Background,,"L Cailin - International Journal of Security and Its Applications, 2016",,https://scholar.google.comjavascript:void(0)
82,0,10.0,Bayesian network modelling for supply chain risk propagation,https://www.tandfonline.com/doi/abs/10.1080/00207543.2018.1467059,"R Ojha, A Ghadge, MK Tiwari… - International Journal of …, 2018 - Taylor & Francis","… risk propagation for improved supply chain risk management. … used to model the risk propagation phenomenon. However, … Hence, the research aims to measure risk propagation in the …","https://scholar.google.com/scholar?cites=10242897709364173796&as_sdt=2005&sciodt=0,5&hl=en"
83,1,10.0,Method for quantitative estimation of the risk propagation threshold in electric power CPS based on seepage probability,https://ieeexplore.ieee.org/abstract/document/8528337/,"Z Qu, Y Zhang, N Qu, L Wang, Y Li, Y Dong - IEEE Access, 2018 - ieeexplore.ieee.org","… the dynamic nature of the risk propagation process, it is difficult to … quantitative evaluation of the risk propagation threshold of power … Finally, the risk propagation threshold is numerically …","https://scholar.google.com/scholar?cites=11121141866032215987&as_sdt=2005&sciodt=0,5&hl=en"
84,2,10.0,Risk propagation through payment distortion in supply chains,https://www.sciencedirect.com/science/article/pii/S0272696318300032,"A Serrano, R Oliva, S Kraiselburd - Journal of Operations Management, 2018 - Elsevier","… In §2, we review the relevant financial literature on risk propagation and the operations management literature related to our work. In §3, we describe our model and its empirical …","https://scholar.google.com/scholar?cites=167989872645149085&as_sdt=2005&sciodt=0,5&hl=en"
85,3,10.0,[HTML][HTML] Risk propagation of delayed payment in stakeholder network of large hydropower project construction considering risk resistance and mitigation,https://www.hindawi.com/journals/mpe/2018/8013207/,"Y Chen, Z Hu, Q Liu, M Zhao - Mathematical Problems in Engineering, 2018 - hindawi.com","… The phenomenon, which is called risk propagation of delayed … to dampen risk propagation among stakeholders in LHPC. … appropriate to calculate the risk propagation in the stakeholder …","https://scholar.google.com/scholar?cites=7367240190720393626&as_sdt=2005&sciodt=0,5&hl=en"
86,4,10.0,Risk propagation in spate irrigation systems: A case study from Sudan,https://onlinelibrary.wiley.com/doi/abs/10.1002/ird.2218,"E Fadul, C De Fraiture, I Masih - Irrigation and Drainage, 2018 - Wiley Online Library","Farmers in flood‐based irrigation systems face great uncertainties with respect to water supply. Using the Source–Pathways–Receptor and Consequence (SPRC) framework, this paper …","https://scholar.google.com/scholar?cites=7243749773707580975&as_sdt=2005&sciodt=0,5&hl=en"
87,5,10.0,Formation mechanism and coping strategy of public emergency for urban sustainability: A perspective of risk propagation in the sociotechnical system,https://www.mdpi.com/259698,"X Deng, Z Lu, X Yang, Q Zhao, D Gao, B Bai - Sustainability, 2018 - mdpi.com",… of risk propagation chain and construct an urban socio-technical system risk propagation … The risk propagation chain formation mechanism and the emergency formation mechanism …,"https://scholar.google.com/scholar?cites=8333137950399790591&as_sdt=2005&sciodt=0,5&hl=en"
88,6,10.0,Scale-reasoning based risk propagation analysis: An application to fluid catalytic cracking unit,https://www.sciencedirect.com/science/article/pii/S0957582018308401,"S Cai, L Zhang, J Hu - Process Safety and Environmental Protection, 2018 - Elsevier",… This paper considers the effects of disturbance on the future risk propagation in … risk propagation scale-reasoning model based on transfer entropy and the KELM-based risk propagation …,"https://scholar.google.com/scholar?cites=3243073078457442480&as_sdt=2005&sciodt=0,5&hl=en"
89,7,10.0,[HTML][HTML] Assessing the Russian major banks''contribution to the systemic liquidity risk propagation in banking,https://cyberleninka.ru/article/n/assessing-the-russian-major-banks-contribution-to-the-systemic-liquidity-risk-propagation-in-banking,"EV Seryakova - Дайджест-финансы, 2018 - cyberleninka.ru",Subject The 2007-2009 global financial crisis proved that the banking sector cannot evolve without concerted actions of the regulator. Systemically important institutions inter alia …,"https://scholar.google.com/scholar?cites=13717629401839796684&as_sdt=2005&sciodt=0,5&hl=en"
90,8,10.0,The effects of network structure on supply chain risk propagation: a simulation study,https://rucore.libraries.rutgers.edu/rutgers-lib/59214/,MD Garvey - 2018 - rucore.libraries.rutgers.edu,"… and local network structure have on risk propagation to individual firms and connections … as local centrality measures, have on global and local risk propagation. I do so by employing a …","https://scholar.google.com/scholar?cites=7833396187104846491&as_sdt=2005&sciodt=0,5&hl=en"
91,9,10.0,Visualisation of model risk propagation,https://www.ingentaconnect.com/content/hsp/jrmfi/2018/00000011/00000001/art00007,"J Barrett - Journal of Risk Management in Financial Institutions, 2018 - ingentaconnect.com",This paper steps back from the focus on model risk in isolation and instead looks at the analytical infrastructure and operational environment in which models operate. Visualisation …,"https://scholar.google.com/scholar?q=related:v9LNM-KeQIkJ:scholar.google.com/&scioq=allintitle:%22risk+propagation%22&hl=en&as_sdt=0,5&as_ylo=2018&as_yhi=2018"
92,10,20.0,ANALYSIS OF RISK PROPAGATION SCENARIOS WITHIN A PROJECT ORGANIZATION,https://econpapers.repec.org/paper/haljournl/hal-02063746.htm,"F Marle, M Kilani, C Pointurier, L Dehouck - 2018 - econpapers.repec.org","Les projets complexes se caractérisent par un certain nombre de phénomènes, comme des réactions non-linéaires ou chaotiques, des chaînes de propagation et des boucles/cycles. …",https://scholar.google.comjavascript:void(0)
93,11,20.0,A Dynamic Model of Risk Propagation Mechanism Analysis in Metro Construction,https://www.atlantis-press.com/proceedings/iceep-18/25901281,"C Dong - 2018 7th International Conference on Energy and …, 2018 - atlantis-press.com","… ; multi-level network; risk propagation; multi-level risk network. … , figure out the risk propagation path towards accident by … Then the critical variables and risk propagation paths are …","https://scholar.google.com/scholar?q=related:viIPRJLtPDUJ:scholar.google.com/&scioq=allintitle:%22risk+propagation%22&hl=en&as_sdt=0,5&as_ylo=2018&as_yhi=2018"
94,12,20.0,[PDF][PDF] Modeling of Risk Propagation in Agri-Food Industry Supply Chain using Bayesian Networks,https://www.academia.edu/download/57636194/2017_Paper_SENTI_BN.pdf,"S Anwar, T Djatna - academia.edu",… This study aimed to identify risks and to develop a risk propagation model in agri-food industry supply chain. The first objective is achieved by reviewing the relevant literature. The …,"https://scholar.google.com/scholar?q=related:JJRKwB3ohcEJ:scholar.google.com/&scioq=allintitle:%22risk+propagation%22&hl=en&as_sdt=0,5&as_ylo=2018&as_yhi=2018"
95,13,20.0,Node Risk Propagation Capability Modeling of Supply Chain Network based on Structural Attributes,https://dl.acm.org/doi/abs/10.1145/3271972.3271973,"W Yi, P Dong, J Wang - Proceedings of the 2018 9th International …, 2018 - dl.acm.org","… structural attributes that describe node risk propagation capabilities of the supply chain network… Finally, a risk assessment model of node risk propagation is constructed using BP neural …","https://scholar.google.com/scholar?q=related:KXBuKPQOxlsJ:scholar.google.com/&scioq=allintitle:%22risk+propagation%22&hl=en&as_sdt=0,5&as_ylo=2018&as_yhi=2018"
96,14,20.0,[HTML][HTML] Measuring the propagation of financial distress with granger-causality tail risk networks,https://www.sciencedirect.com/science/article/pii/S1572308918300299,"F Corsi, F Lillo, D Pirino, L Trapin - Journal of Financial Stability, 2018 - Elsevier",… Our purpose is to exploit the structure of the Granger-causality tail risk networks to identify periods of distress in financial markets and possible channels of systemic risk propagation. …,"https://scholar.google.com/scholar?cites=5784179605579056864&as_sdt=2005&sciodt=0,5&hl=en"
97,15,20.0,[PDF][PDF] Analyzing the Effects of Trade Compression on Risk Propagation in Over-the-Counter Derivative Markets,https://core.ac.uk/download/pdf/212996687.pdf,S Kosmo - 2018 - core.ac.uk,… We apply the risk propagation model to each network in all 24 chains. Table 1 shows the … Table 1: Value lost calculated from risk propagation model in each market. Average of results …,"https://scholar.google.com/scholar?q=related:6pAZS6QGM2EJ:scholar.google.com/&scioq=allintitle:%22risk+propagation%22&hl=en&as_sdt=0,5&as_ylo=2018&as_yhi=2018"
98,16,20.0,Vulnerability analysis of interdependent R&D networks under risk cascading propagation,https://www.sciencedirect.com/science/article/pii/S0378437118304928,"Y Zhang, N Yang - Physica A: Statistical Mechanics and its Applications, 2018 - Elsevier","… Secondly, we propose the model of risk propagation within one R&D network by defining the risk load and risk capacity of each enterprise, and building the rule of conditional triggering …","https://scholar.google.com/scholar?cites=3788288573221751292&as_sdt=2005&sciodt=0,5&hl=en"
99,17,20.0,Analysis Of Risk Propagation Scenarios Within A Project Organization [Analyse Des Scenarios De Propagation Des Risques Au Sein D'Une Organisation Projet],https://ideas.repec.org/p/hal/journl/hal-02063746.html,"F Marle, M Kilani, C Pointurier, L Dehouck - 2018 - ideas.repec.org","Les projets complexes se caractérisent par un certain nombre de phénomènes, comme des réactions non-linéaires ou chaotiques, des chaînes de propagation et des boucles/cycles. …",https://scholar.google.comjavascript:void(0)
100,18,20.0,Propagation of risk across the phases of software development,https://ieeexplore.ieee.org/abstract/document/8653647/,"RK Bhujang, SV Dean - 2018 2nd International Conference on I …, 2018 - ieeexplore.ieee.org",… Risk propagation is directly proportional to increase in the level of severity of the risk. … as a travel light to project personnel in order to formulate strategies to overcome risk propagation. …,"https://scholar.google.com/scholar?cites=932652621924069428&as_sdt=2005&sciodt=0,5&hl=en"
101,19,20.0,"[CITATION][C] Method for quantitative estimation of the risk propagation threshold in electric power CPS based on seepage probability, IEEE Access, vol. 6",,"Z Qu, Y Zhang, N Qu, L Wang, Y Li, Y Dong - 2018",,"https://scholar.google.com/scholar?cites=6052749500286744117&as_sdt=2005&sciodt=0,5&hl=en"
102,20,30.0,[CITATION][C] Research on risk propagation laws of subway operation sudden accident,,"WY Chen, JY Yang, SW He - Journal of Safety Science and Technology, 2018",,"https://scholar.google.com/scholar?cites=9412883574778592584&as_sdt=2005&sciodt=0,5&hl=en"
103,21,30.0,[CITATION][C] Method for Quantitative Estimation of the Risk Propagation Threshold in Electric Power CPS Based on Seepage Probability,,Y DONG,,"https://scholar.google.com/scholar?q=related:3y_Nsx18JKMJ:scholar.google.com/&scioq=allintitle:%22risk+propagation%22&hl=en&as_sdt=0,5&as_ylo=2018&as_yhi=2018"
104,22,30.0,[CITATION][C] Risk Management in an Academic Environment: Safety Measures and Risk Propagation,https://infoscience.epfl.ch/record/264464,L Sutter - 2018 - infoscience.epfl.ch,Risk Management in an Academic Environment: Safety Measures and Risk Propagation … Risk Management in an Academic Environment: Safety Measures and Risk Propagation …,"https://scholar.google.com/scholar?q=related:8QV13meEYIEJ:scholar.google.com/&scioq=allintitle:%22risk+propagation%22&hl=en&as_sdt=0,5&as_ylo=2018&as_yhi=2018"
105,23,30.0,Understanding of impact and propagation of risk based on social network analysis,https://www.sciencedirect.com/science/article/pii/S1877705818301711,"CS Ongkowijoyo, H Doloi - Procedia engineering, 2018 - Elsevier","… Particularly, analyzing risk propagation capacity and interaction using social network analysis (SNA) approach receiving more attention recently. The SNA is relative uncomplicated …","https://scholar.google.com/scholar?cites=15174671234008091332&as_sdt=2005&sciodt=0,5&hl=en"
106,24,30.0,Supply chain disruption propagation: a systemic risk and normal accident theory perspective,https://www.tandfonline.com/doi/abs/10.1080/00207543.2017.1355123,"KP Scheibe, J Blackhurst - International Journal of Production …, 2018 - Taylor & Francis","When a disruption occurs in a firm, its effects are often felt throughout the supply chain. As supply chains expand globally and companies pursue velocity and efficiency, the probability …","https://scholar.google.com/scholar?cites=5870586679112235260&as_sdt=2005&sciodt=0,5&hl=en"
107,25,30.0,Modeling risk emergence and propagation in buyer-supplier-customer relationships,https://link.springer.com/chapter/10.1007/978-981-10-4106-8_3,"K Rotaru, M Pournader - Supply Chain Risk Management, 2018 - Springer",… It thus becomes of an utmost importance to take into consideration all three bidirectional relationships of service triad members in order to determine the possible risk propagation within …,"https://scholar.google.com/scholar?cites=10182590837124746996&as_sdt=2005&sciodt=0,5&hl=en"
108,0,10.0,Risk propagation mechanisms and risk management strategies for a sustainable perishable products supply chain,https://www.sciencedirect.com/science/article/pii/S0360835219300178,"X Deng, X Yang, Y Zhang, Y Li, Z Lu - Computers & Industrial Engineering, 2019 - Elsevier","… focuses on exploring the risk propagation mechanisms in the supply chain and developing the risk management strategies based on the risk propagation mechanisms, which is verified …","https://scholar.google.com/scholar?cites=13913624906347480903&as_sdt=2005&sciodt=0,5&hl=en"
109,1,10.0,Risk propagation model and its simulation of emergency logistics network based on material reliability,https://www.mdpi.com/580560,"T Chen, S Wu, J Yang, G Cong - International Journal of Environmental …, 2019 - mdpi.com","… the emergency logistics risk propagation mechanism. This … of risk propagation in the emergency logistics network. Finally, this paper probes into the emergency logistics risk propagation …","https://scholar.google.com/scholar?cites=9545122477680808174&as_sdt=2005&sciodt=0,5&hl=en"
110,2,10.0,An Ontology-based Bayesian network modelling for supply chain risk propagation,https://www.emerald.com/insight/content/doi/10.1108/IMDS-01-2019-0032/full/html,"S Cao, K Bryceson, D Hine - Industrial Management & Data Systems, 2019 - emerald.com",… was to create a risk propagation ontology-based … risk propagation in a GFPSC. The methodology directly used the knowledge and inference capabilities inherent in a risk propagation …,"https://scholar.google.com/scholar?cites=3035820108595163695&as_sdt=2005&sciodt=0,5&hl=en"
111,3,10.0,Exploring the properties of cost overrun risk propagation network (CORPN) for promoting cost management,https://jest.vgtu.lt/index.php/JCEM/article/view/7462,"Y Chen, Z Hu, Q Liu - Journal of Civil Engineering and Management, 2019 - jest.vgtu.lt","… relationships and analyze the risk propagation effect. It is difficult to find key points that impede the risk propagation, thereby the control measures of risk propagation cannot be provided…","https://scholar.google.com/scholar?cites=2905649480961584590&as_sdt=2005&sciodt=0,5&hl=en"
112,4,10.0,[HTML][HTML] Cascade failure model in multimodal transport network risk propagation,https://www.hindawi.com/journals/mpe/2019/3615903/,"Z He, JN Guo, JX Xu - Mathematical Problems in Engineering, 2019 - hindawi.com","… the risk propagation problem of the multimodal transport network in order to study the inherent law of risk propagation … Based on cascade failure theory, a risk propagation model of the …","https://scholar.google.com/scholar?cites=15796572267626093710&as_sdt=2005&sciodt=0,5&hl=en"
113,5,10.0,Information security risk propagation model based on the SEIR infectious disease model for smart grid,https://www.mdpi.com/557386,"B Zhu, S Deng, Y Xu, X Yuan, Z Zhang - Information, 2019 - mdpi.com","… This paper compares the maximum risk propagation range, the risk propagation range, and the risk propagation speed for models 1–8; the results are shown in Figure 6. …","https://scholar.google.com/scholar?cites=5082027715757576539&as_sdt=2005&sciodt=0,5&hl=en"
114,6,10.0,Supply chain risk propagation model considering the herd mentality mechanism and risk preference,https://www.sciencedirect.com/science/article/pii/S0378437119308209,"H Guo, Y Cheng - Physica A: Statistical Mechanics and its Applications, 2019 - Elsevier",… Research on supply chain risk propagation can not only … on research on the risk propagation mechanism of the supply … chain risk and the scale of risk propagation can be obtained by …,"https://scholar.google.com/scholar?cites=4232666969776925653&as_sdt=2005&sciodt=0,5&hl=en"
115,7,10.0,[PDF][PDF] Review of the network risk propagation research,https://www.academia.edu/download/67977865/AAOAJ-03-00082.pdf,"B Cui, L Meilong, J Zhu - Aeron Aero Open Access J, 2019 - academia.edu","… The way is mainly because the carriers of risk propagation are often associated … Risk Propagation Network (RPN). In Figure 1, it introduces an NRP process based on a risk propagation …","https://scholar.google.com/scholar?cites=13041436536825921087&as_sdt=2005&sciodt=0,5&hl=en"
116,8,10.0,Do more structural holes lead to more risk propagation in R&D networks?,https://www.emerald.com/insight/content/doi/10.1108/MD-07-2018-0767/full/html,"Y Song, N Yang, Y Zhang, J Wang - Management Decision, 2019 - emerald.com",… This study focuses on how structural holes influence risk propagation under the specific context of relationship and cognitive dimension by drawing on social capital theory. Risk sharing …,"https://scholar.google.com/scholar?cites=16299116766910250387&as_sdt=2005&sciodt=0,5&hl=en"
117,9,10.0,[HTML][HTML] Modeling and simulations of the cascading failure of multiple interdependent R&D networks under risk propagation,https://www.sciencedirect.com/science/article/pii/S0375960119304232,"H Liu, N Yang, Z Yang, Y Zhang, J Lin - Physics Letters A, 2019 - Elsevier","… Fourthly, in order to initiate the process of risk propagation, at the beginning of risk propagation, we assume that E a links are attacked, which denote that some risks have occurred in …","https://scholar.google.com/scholar?cites=407774933042657804&as_sdt=2005&sciodt=0,5&hl=en"
118,10,20.0,Suppressing risk propagation in R&D networks: the role of government intervention,https://www.emerald.com/insight/content/doi/10.1108/CMS-07-2018-0621/full/html,"Y Song, N Yang, Y Zhang, J Wang - Chinese Management Studies, 2019 - emerald.com",… internal and external risk propagation in R&D networks and investigate how government intervention moderates the associations between the influencing factors and risk propagation. …,"https://scholar.google.com/scholar?cites=5297865910955270580&as_sdt=2005&sciodt=0,5&hl=en"
119,11,20.0,Evaluating cyclic risk propagation through an organization,https://papers.ssrn.com/sol3/papers.cfm?abstract_id=3780162,"MA Gallagher, DS Fenn, SN Hall - Journal of Operational Risk, 2019 - papers.ssrn.com","… Here, we computationally investigate the sensitivities of those three risk propagation models … This paper evaluates those three network risk propagation models and describes sensitivity …","https://scholar.google.com/scholar?cites=17038149951493204430&as_sdt=2005&sciodt=0,5&hl=en"
120,12,20.0,Risk propagation model based on social life and credit activities multilayers fusion network,https://onlinelibrary.wiley.com/doi/abs/10.1002/cpe.4732,"W Su, J Ren - Concurrency and Computation: Practice and …, 2019 - Wiley Online Library","… that the risk propagation model can help understand the mechanism of risk propagation within the system, and we provide preventive measures and offer support for policy making. …","https://scholar.google.com/scholar?cites=6744171961713301818&as_sdt=2005&sciodt=0,5&hl=en"
121,13,20.0,Micro-risk Propagation Model Based on Time Fluctuation Factor,https://ieeexplore.ieee.org/abstract/document/8837041/,"Y Xu, Y Zhao, B Xu - … on Artificial Intelligence and Big Data …, 2019 - ieeexplore.ieee.org","… This section focuses on the specific impact time has on the risk propagation to different nodes. (1) Risk source time fluctuation factor For different sources of risk, the risk of the source …","https://scholar.google.com/scholar?cites=10447924506616876591&as_sdt=2005&sciodt=0,5&hl=en"
122,14,20.0,Participatory-based risk impact propagation and interaction pattern analysis using social network analysis,https://www.emerald.com/insight/content/doi/10.1108/IJDRBE-06-2017-0041/full/html,"CS Ongkowijoyo, H Doloi, A Mills - … of Disaster Resilience in the Built …, 2019 - emerald.com",… This research leverages the collective knowledge of risk propagation impact and interaction pattern to generate better UI risk management solutions. This study proposes a novel RA …,"https://scholar.google.com/scholar?cites=11460115227052702406&as_sdt=2005&sciodt=0,5&hl=en"
123,15,20.0,[CITATION][C] Risk propagation path of cascading fault in chemical process based on edge load distribution in complex network,,"JB Yuan, Z Wang, YF Xu - Chem Ind Eng Prog, 2019",,"https://scholar.google.com/scholar?cites=14902748777034620708&as_sdt=2005&sciodt=0,5&hl=en"
124,16,20.0,[CITATION][C] Risk Management in an Academic Environment: Safety Measures and Risk Propagation,https://infoscience.epfl.ch/record/264465,MI Giménez - 2019 - infoscience.epfl.ch,Risk Management in an Academic Environment: Safety Measures and Risk Propagation … Risk Management in an Academic Environment: Safety Measures and Risk Propagation …,"https://scholar.google.com/scholar?q=related:qPDqEhq6AWAJ:scholar.google.com/&scioq=allintitle:%22risk+propagation%22&hl=en&as_sdt=0,5&as_ylo=2019&as_yhi=2019"
125,17,20.0,Assessing the risk of default propagation in interconnected sectoral financial networks,https://epjds.epj.org/articles/epjdata/abs/2019/01/13688_2019_Article_211/13688_2019_Article_211.html,"A Barja, A Martínez, A Arenas, P Fleurquin, J Nin… - EPJ Data …, 2019 - epjds.epj.org","… This method allows to search for measures to mitigate risk propagation [38]. In the special … banking [41, 42], where the risk propagation is related to the stress tests performed by central …","https://scholar.google.com/scholar?cites=14120733874282881168&as_sdt=2005&sciodt=0,5&hl=en"
126,18,20.0,[HTML][HTML] Risk analysis of coupling fault propagation based on meta-action for computerized numerical control (CNC) machine tool,https://www.hindawi.com/journals/complexity/2019/3237254/,"Y Chen, G Zhang, Y Ran - Complexity, 2019 - hindawi.com","… The risk propagation of the initial state probability vector is equal to 𝐵 𝑖 ⋅ 𝑆 after the propagation in stage i. If only i propagation steps are considered, and the fault probability vector 𝑃(…","https://scholar.google.com/scholar?cites=14539083159232213576&as_sdt=2005&sciodt=0,5&hl=en"
127,0,10.0,The analysis of urban flood risk propagation based on the modified susceptible infected recovered model,https://www.sciencedirect.com/science/article/pii/S0022169421011719,"P Wang, Y Li, P Yu, Y Zhang - Journal of Hydrology, 2021 - Elsevier","… potential damage and harm during flood risk propagation. Studies have mainly focused on … flood risk propagation. Therefore, this study analyzed flood risk propagation based on …","https://scholar.google.com/scholar?cites=15582740563410426705&as_sdt=2005&sciodt=0,5&hl=en"
128,1,10.0,Research on risk propagation method of multimodal transport network under uncertainty,https://www.sciencedirect.com/science/article/pii/S0378437120307925,"J Guo, J Xu, Z He, W Liao - Physica A: Statistical Mechanics and its …, 2021 - Elsevier",… risk propagation law of the multimodal transport network under different attack types and load preferences. The results show that the risk propagation … to the risk propagation effect is: the …,"https://scholar.google.com/scholar?cites=9260435653240690920&as_sdt=2005&sciodt=0,5&hl=en"
129,2,10.0,Cybersecurity investments in a two-echelon supply chain with third-party risk propagation,https://www.tandfonline.com/doi/abs/10.1080/00207543.2020.1721591,"Y Li, L Xu - International Journal of Production Research, 2021 - Taylor & Francis","… investments with third-party risk propagation in a two-echelon … numerically considering one-stage risk propagation. It is found … Furthermore, the case of two-stage risk propagation is also …","https://scholar.google.com/scholar?cites=3952940439554301063&as_sdt=2005&sciodt=0,5&hl=en"
130,3,10.0,Risk Propagation of Concentralized Distribution Logistics Plan Change in Cruise Construction,https://www.mdpi.com/2227-9717/9/8/1398,"Y Zheng, J Ke, H Wang - Processes, 2021 - mdpi.com","… It is necessary to study the risk propagation because it may affect the planning, inventory, … to introduce risk propagation factors into risk assessment and to study the risk propagation …","https://scholar.google.com/scholar?cites=3460847448819866503&as_sdt=2005&sciodt=0,5&hl=en"
131,4,10.0,Cyber risk propagation and optimal selection of cybersecurity controls for complex cyberphysical systems,https://www.mdpi.com/1016738,"G Kavallieratos, G Spathoulas, S Katsikas - Sensors, 2021 - mdpi.com","… In this work, we propose a method for analyzing risk propagation and aggregation in complex CPSs utilizing the results of risk assessments of their individual constituents. Additionally, …","https://scholar.google.com/scholar?cites=13150688874988525110&as_sdt=2005&sciodt=0,5&hl=en"
132,5,10.0,Credit Risk Propagation in Structural-Form Models,https://epubs.siam.org/doi/abs/10.1137/20M135340X,"CD Fuh, CL Michael Kao - SIAM Journal on Financial Mathematics, 2021 - SIAM","… Section 3 presents our results in characterizing credit risk propagation through the aforementioned renewal theoretical results, as well as the proposed mDD. Section 4 provides …","https://scholar.google.com/scholar?q=related:DVVjssueojIJ:scholar.google.com/&scioq=allintitle:%22risk+propagation%22&hl=en&as_sdt=0,5&as_ylo=2021&as_yhi=2021"
133,6,10.0,Modeling investment behavior and risk propagation in financial networks,https://papers.ssrn.com/sol3/papers.cfm?abstract_id=3847443,"JR Birge - Available at SSRN 3847443, 2021 - papers.ssrn.com","Connections among institutions in the global financial network create the potential for risk to propagate and for failures to cascade as successive institutions fail. As conditions, such as …","https://scholar.google.com/scholar?cites=12891411207637862954&as_sdt=2005&sciodt=0,5&hl=en"
134,7,10.0,[HTML][HTML] Rules of incidental operation risk propagation in metro networks under fully automatic operations mode,https://journals.plos.org/plosone/article?id=10.1371/journal.pone.0261436,"W Chen, J Yang, MT Khasawneh, J Fu, B Sun - Plos one, 2021 - journals.plos.org","… along the network (Y): In this study, the duration of risk propagation along a metro network is defined as the time from the occurrence of an incident to the whole metro network operation …","https://scholar.google.com/scholar?q=related:YKfNb_Zj1NEJ:scholar.google.com/&scioq=allintitle:%22risk+propagation%22&hl=en&as_sdt=0,5&as_ylo=2021&as_yhi=2021"
135,8,10.0,Risk propagation from meteorological to hydrological droughts in a changing climate for main catchments in China,http://skxjz.nhri.cn/en/article/doi/10.14042/j.cnki.32.1309.2021.03.001?viewType=HTML,"GU Lei, C Jie, YIN Jiabo, GUO Qiang, W Huimin… - 水科学进展, 2021 - skxjz.nhri.cn",Global climate change has altered the spatial-temporal regimes of hydro-meteorological variables. The impact of climate change on the risk transferability from meteorological to …,"https://scholar.google.com/scholar?cites=14026298381305419043&as_sdt=2005&sciodt=0,5&hl=en"
136,9,10.0,Risk propagation on electric power supply chain networks based on blockchain technology,https://ieeexplore.ieee.org/abstract/document/9408963/,"Q Zhang, H Wang, X Xie, B He… - 2021 6th International …, 2021 - ieeexplore.ieee.org","… , this paper proposes a new paradigm of risk propagation in electric power supply chain network. The scale of risk propagation in electric power supply chain network is obtained by …","https://scholar.google.com/scholar?cites=15112438749934545442&as_sdt=2005&sciodt=0,5&hl=en"
137,10,20.0,Determination of the risk propagation path of cascading faults in chemical material networks based on complex networks,https://onlinelibrary.wiley.com/doi/abs/10.1002/cjce.24011,"Z Wang, Y Hu, R Dong, X Jia… - The Canadian Journal of …, 2021 - Wiley Online Library","… The essence of solving the risk propagation path of cascading fault is to find the best path in … risk propagation path is obtained by MATLAB software. In this paper, the risk propagation …","https://scholar.google.com/scholar?cites=1384741620102524879&as_sdt=2005&sciodt=0,5&hl=en"
138,11,20.0,[CITATION][C] Analysing the Risk Propagation in the Project Portfolio Network using the SIRF Model.,,"X Zou, Q Yang, Q Wang - ICORES, 2021",,"https://scholar.google.com/scholar?cites=6618875813260638275&as_sdt=2005&sciodt=0,5&hl=en"
139,12,20.0,Network risk propagation model based on boundary-center-point-search algorithm,https://iopscience.iop.org/article/10.1088/1742-6596/1827/1/012122/meta,"G Ping - Journal of Physics: Conference Series, 2021 - iopscience.iop.org","… risk propagation model which ignores the fact that normal nodes can get immunity through artificial means, a risk propagation … can provide reference for risk propagation control and …","https://scholar.google.com/scholar?cites=7613784480488190821&as_sdt=2005&sciodt=0,5&hl=en"
140,13,20.0,Robust Supply Chain Network Design Under Facility Disruption by Consideration of Risk Propagation,https://link.springer.com/chapter/10.1007/978-3-030-78170-5_10,"VK Manupati, S Akash, K Illaiah, E Suresh Babu… - International Conference …, 2021 - Springer","… For measuring the supply chain’s robustness, the final quantity delivered after risk propagation in the disruption scenario as a robustness index (RI) is utilized. A numerical simulation is …","https://scholar.google.com/scholar?cites=9358994026790712262&as_sdt=2005&sciodt=0,5&hl=en"
141,14,20.0,[PDF][PDF] CONGESTION RISK PROPAGATION MODEL BASED ON MULTI-LAYER TIME-VARYING NETWORK,http://www.ijsimm.com/Full_Papers/Fulltext2021/text20-4_585.pdf,"JH Huang, MG Sun, Q Cheng - International Journal of Simulation …, 2021 - ijsimm.com","… , a multilayer network congestion risk propagation model of urban … on the traffic congestion risk propagation of urban roads. … psychology on congestion risk propagation depend on the …","https://scholar.google.com/scholar?cites=17405073567479073209&as_sdt=2005&sciodt=0,5&hl=en"
142,15,20.0,[CITATION][C] Risk propagation mechanism and application of urban traffic congestion factors based on complex networks,,"HU Li-wei, FAN Zi-jian, Z Su-hang, GUO Zhi… - Journal of Transportation …, 2021",,"https://scholar.google.com/scholar?cites=607951047267081313&as_sdt=2005&sciodt=0,5&hl=en"
143,16,20.0,Risk Propagation Mechanism Research Based on SITR Model of Complex Supply Networks,https://www.igi-global.com/article/risk-propagation-mechanism-research-based-on-sitr-model-of-complex-supply-networks/286631,"J Zhu, Y Cheng, Y Zhang - … of Information Systems and Supply Chain …, 2021 - igi-global.com",… and characteristics of risk propagation in complex supply … -completely removed) risk propagation model based on weighted … a greater impact on the risk propagation in the supply …,"https://scholar.google.com/scholar?cites=888083473027594979&as_sdt=2005&sciodt=0,5&hl=en"
144,17,20.0,A new approach for risk assessment of failure modes considering risk interaction and propagation effects,https://www.sciencedirect.com/science/article/pii/S0951832021005494,"Q Wang, G Jia, Y Jia, W Song - Reliability Engineering & System Safety, 2021 - Elsevier","… modes play equally important roles in risk propagation, the new FMEA method considers the initial strength effect of failure mode on the risk propagation to ensure the accuracy of the …","https://scholar.google.com/scholar?cites=961661258484505521&as_sdt=2005&sciodt=0,5&hl=en"
145,18,20.0,[CITATION][C] Multi-network Congestion Risk Propagation Model Considering Driver Behavior,,"H Jian-hua, SUN Meng-ge - Journal of Transportation Systems Engineering and …, 2021",,"https://scholar.google.com/scholar?cites=13043963160210391073&as_sdt=2005&sciodt=0,5&hl=en"
146,19,20.0,Quantifying Risk Propagation Within a Network of Business Processes and IT Services,https://link.springer.com/article/10.1007/s12599-020-00634-3,"O González-Rojas, N Castro, S Lesmes - Business & Information Systems …, 2021 - Springer",… for quantifying risk propagation in … risk propagation impact among dependent processes. This approach was applied to an enterprise modeling case study to quantify risk propagation for …,"https://scholar.google.com/scholar?q=related:uZTDRrZ4lV4J:scholar.google.com/&scioq=allintitle:%22risk+propagation%22&hl=en&as_sdt=0,5&as_ylo=2021&as_yhi=2021"
147,20,30.0,Impacts of module–module aligned patterns on risk cascading propagation in complex product development (CPD) interdependent networks,https://www.sciencedirect.com/science/article/pii/S0378437120308293,"R Li, N Yang, Y Zhang, H Liu, M Zhang - Physica A: Statistical Mechanics …, 2021 - Elsevier","… patterns on the risk propagation in CPD … , a new risk propagation model is proposed combining the epidemic model (SIR) and load–capacity model to tailor the different risk propagation …","https://scholar.google.com/scholar?cites=3399484753930157941&as_sdt=2005&sciodt=0,5&hl=en"
148,21,30.0,Risk Propagation in Healthcare Supply Chain: The implications of Fuzzy-ANP and Bayesian Inference,http://www.ojs.lgu.edu.pk/index.php/ajss/article/view/1457,"F Afzal, SU Yousaf, B Usman, F Afzal… - Academic Journal of …, 2021 - ojs.lgu.edu.pk",… As the aim of the study now risk propagation was made on the Hug In Software on the base … HugIn Expert software used to check the risk propagation on two-state that risk propagates to …,"https://scholar.google.com/scholar?q=related:DVHIuzv5iNsJ:scholar.google.com/&scioq=allintitle:%22risk+propagation%22&hl=en&as_sdt=0,5&as_ylo=2021&as_yhi=2021"
149,22,30.0,An Information System Risk Assessment Method Based on Risk Propagation,https://journal.bupt.edu.cn/EN/abstract/abstract4823.shtml,"Y Hong-yu, Z Le, Z Liang - Journal of Beijing University of Posts and … - journal.bupt.edu.cn","Abstract: Traditional information system risk assessment methods do not consider the state change of nodes and the direction of risk propagation, and the accuracy of the evaluation …","https://scholar.google.com/scholar?q=related:0JOEy54RDmQJ:scholar.google.com/&scioq=allintitle:%22risk+propagation%22&hl=en&as_sdt=0,5&as_ylo=2021&as_yhi=2021"
150,23,30.0,Risk Analysis of Complex R&D Projects Based on Risk Propagation Network and K-shell Method,http://journal05.magtech.org.cn/jweb_glpl/EN/Y2021/V33/I9/119,"Y Qing, Z Lu, Z Xingqi - Management Review, 2021 - journal05.magtech.org.cn",Abstract: There are many interdependent risk factors in the R&D projects. How to evaluate accurately these risk factors is an import basis for performing project risk monitoring and …,"https://scholar.google.com/scholar?q=related:rTjSU3toVYAJ:scholar.google.com/&scioq=allintitle:%22risk+propagation%22&hl=en&as_sdt=0,5&as_ylo=2021&as_yhi=2021"
151,24,30.0,A quantitative causal diagram based optimal sensor allocation strategy considering the propagation of fault risk,https://www.sciencedirect.com/science/article/pii/S0016003220307468,"Y Li, N Lu, J Shi, B Jiang - Journal of the Franklin Institute, 2021 - Elsevier",… strategy by considering fault risk propagation under the … ) model that considers fault risk propagation and differs from the … ) to incorporate the fault risk propagation into the QCD model. …,"https://scholar.google.com/scholar?cites=12131053090542104478&as_sdt=2005&sciodt=0,5&hl=en"
152,25,30.0,[CITATION][C] Risk propagation model of complex product supply chain based on complex network,,"JZ Wang, HZ Chen - Statistics & Decisions, 2021",,"https://scholar.google.com/scholar?cites=4208805737985413545&as_sdt=2005&sciodt=0,5&hl=en"
153,26,30.0,[HTML][HTML] Stability Analysis and Control Strategy for the Chained Propagation of Delay or Disruption Risk in a Port-Hinterland Service Network,https://www.hindawi.com/journals/mpe/2021/8859298/,"H Kuang, P Zhang, B Han, P Ouyang - Mathematical Problems in …, 2021 - hindawi.com",… We next aim to construct a model for chained risk propagation in line with the characteristics of the port-hinterland service network and to conduct research on the risk propagation …,"https://scholar.google.com/scholar?q=related:uENciiy_7yYJ:scholar.google.com/&scioq=allintitle:%22risk+propagation%22&hl=en&as_sdt=0,5&as_ylo=2021&as_yhi=2021"
154,27,30.0,[HTML][HTML] Exploration and Research on the Propagation Law of Seepage Risk Network in Tailings Storage Facility,https://www.hindawi.com/journals/ddns/2021/8704259/,"Z Zhen, X Ma, B Ma - Discrete Dynamics in Nature and Society, 2021 - hindawi.com","… realizes the characterization of the seepage risk propagation process of tailings pond. rough … In this paper, the network efficiency is selected as the criterion of seepage risk propagation …","https://scholar.google.com/scholar?cites=13489116430943194137&as_sdt=2005&sciodt=0,5&hl=en"
155,28,30.0,[PDF][PDF] Propagation network of tailings dam failure risk: an empirical research and the identification of key hazard node,https://www.researchsquare.com/article/rs-778838/latest.pdf,"Z Zhen, B Ma, H Zhao - 2021 - researchsquare.com","… be completely equated with the true cause and risk propagation path of Dam I failure, the … In addition, the failure causes and risk propagation paths of the Dam I identi ed in this paper …","https://scholar.google.com/scholar?cites=16625112485610413755&as_sdt=2005&sciodt=0,5&hl=en"
156,29,30.0,Propagation Laws of Reclamation Risk in Tailings Ponds Using Complex Network Theory,https://www.mdpi.com/1347326,"Z Zhen, Y Zhang, M Hu - Metals, 2021 - mdpi.com","… with the structure and accident characteristics of the tailings pond, this paper divides the influencing factors, hidden dangers, accidents and consequences involved in risk propagation …","https://scholar.google.com/scholar?cites=7396595498028638057&as_sdt=2005&sciodt=0,5&hl=en"
157,30,40.0,Uncertainty propagation and risk analysis oriented stochastic multi-criteria decision making for unconventional water resources management,https://www.sciencedirect.com/science/article/pii/S0022169421000664,"Z Yang, Y Wang, T Peng - Journal of Hydrology, 2021 - Elsevier","In real-world, managers and decision makers (DMs) of unconventional water resources (UWR) such as stormwater, reclaimed and flood water resources often face various uncertainties …","https://scholar.google.com/scholar?cites=8268428655576077909&as_sdt=2005&sciodt=0,5&hl=en"
158,0,10.0,Managing risk propagation in extended enterprise networks,https://ieeexplore.ieee.org/abstract/document/4585329/,"CD Huang, RS Behara, Q Hu - IT professional, 2008 - ieeexplore.ieee.org","… Examining and controlling risk propagation from the network and supply-chain perspectives has become vital to overall network security. … Yet, the technical networking …","https://scholar.google.com/scholar?cites=1299517602555187860&as_sdt=2005&sciodt=0,5&hl=en"
159,1,10.0,[PDF][PDF] Developing Risk Propagation Model for Estimating Ecological Responses of Streams to Anthropogenic Watershed Stresses and Stream Modifications,https://repository.library.northeastern.edu/files/neu:329767/fulltext.pdf,"E Manolakos, T Ehlinger, A Bartošová, N O'Reilly… - repository.library.northeastern.edu","… The layered hierarchical model system, developed by Artificial Neural Net (ANN) modeling and analysis, will be based on probabilistic risk propagation and linking the stresses with …","https://scholar.google.com/scholar?q=related:5m_fVjISeMsJ:scholar.google.com/&scioq=allintitle:%22risk+propagation%22&hl=en&as_sdt=0,5&as_ylo=2008&as_yhi=2008"
160,2,10.0,Propagation of environmental risk from contaminant transport through groundwater and stream networks,https://books.google.com/books?hl=en&lr=&id=XgHQCwAAQBAJ&oi=fnd&pg=PA55&dq=%22risk+propagation%22&ots=qwFSfanA-_&sig=DrigUtR21dyKsWi-Gc2szI8oock,"K Persson, J Jarsjö, C Prieto… - Risk Analysis VI …, 2008 - books.google.com","… In general, the methodology that has been outlined and used in this study may be a powerful, yet relatively simple tool for assessing environmental risk propagation downstream of …","https://scholar.google.com/scholar?cites=5936171259667984438&as_sdt=2005&sciodt=0,5&hl=en"
161,3,10.0,[CITATION][C] Observations on risk propagation and the dynamics of macro financial crises: a derivatives perspective. Keynote speech,,"RC Merton - Eur. Cent. Bank, Frankfurt, Ger., Dec, 2008",,"https://scholar.google.com/scholar?cites=16363347428965715787&as_sdt=2005&sciodt=0,5&hl=en"
162,0,10.0,Network characteristics and supply chain resilience under conditions of risk propagation,https://www.sciencedirect.com/science/article/pii/S0925527319303561,"Y Li, CW Zobel, O Seref, D Chatfield - International Journal of Production …, 2020 - Elsevier","… This risk propagation process, otherwise known as the ripple effect (Ivanov et al., 2014, 2019… the risk propagation process and, hence, the recoverability of the whole supply chain. …","https://scholar.google.com/scholar?cites=1059667559213374055&as_sdt=2005&sciodt=0,5&hl=en"
163,1,10.0,[HTML][HTML] Risk propagation analysis of urban rail transit based on network model,https://www.sciencedirect.com/science/article/pii/S1110016820300946,"M Li, Y Wang, L Jia, Y Cui - Alexandria Engineering Journal, 2020 - Elsevier","… To disclose the mechanism of risk propagation and accident formation of the URT, this section firstly analyzes the key factors inducing accidents (ie the nodes that may create or transmit …","https://scholar.google.com/scholar?cites=6052524942488062882&as_sdt=2005&sciodt=0,5&hl=en"
164,2,10.0,Rethinking risk propagation mechanism in public–private partnership projects: Network perspective,https://ascelibrary.org/doi/abs/10.1061/%28ASCE%29IS.1943-555X.0000538,"Y Zhang, CH Tsai, PC Liao - Journal of Infrastructure Systems, 2020 - ascelibrary.org","A large portion of public–private partnership (PPP) infrastructure projects in China have ceased without delivery, which has drawn attention to the need for effective risk management. …","https://scholar.google.com/scholar?cites=4470014708893941243&as_sdt=2005&sciodt=0,5&hl=en"
165,3,10.0,The rippled newsvendor: A new inventory framework for modeling supply chain risk severity in the presence of risk propagation,https://www.sciencedirect.com/science/article/pii/S0925527320301377,"MD Garvey, S Carnovale - International Journal of Production Economics, 2020 - Elsevier","… However, in order to measure risk propagation, we will need to choose a framework of metrics to leverage. Some initial frameworks have been proposed in the literature (Blackhurst et al.…","https://scholar.google.com/scholar?cites=10553561753379892265&as_sdt=2005&sciodt=0,5&hl=en"
166,4,10.0,A new model for supply chain risk propagation considering herd mentality and risk preference under warning information on multiplex networks,https://www.sciencedirect.com/science/article/pii/S0378437119319569,"H Guo, Y Cheng, X Xie - Physica A: Statistical Mechanics and Its …, 2020 - Elsevier",… for supply chain risk propagation considering herd mentality … layer is used to denote the risk propagation and the other one … influence on the supply chain risk propagation. We build the …,"https://scholar.google.com/scholar?cites=9878363854895784480&as_sdt=2005&sciodt=0,5&hl=en"
167,5,10.0,Risk propagation and mitigation of design change for complex product development (CPD) projects based on multilayer network theory,https://www.sciencedirect.com/science/article/pii/S0360835220301042,"R Li, N Yang, Y Zhang, H Liu - Computers & Industrial Engineering, 2020 - Elsevier",… Change risk propagation caused by unexpected design change has become a major … change risk propagation and mitigate the disruptive design change risk propagation through …,"https://scholar.google.com/scholar?cites=12218683194542396243&as_sdt=2005&sciodt=0,5&hl=en"
168,6,10.0,The impact of firm heterogeneity and awareness in modeling risk propagation on multiplex networks,https://www.sciencedirect.com/science/article/pii/S0378437119316553,"H Liu, N Yang, Z Yang, J Lin, Y Zhang - Physica A: Statistical Mechanics …, 2020 - Elsevier","… prevalence and decrease the risk propagation threshold, while the local risk prevalence can only increase the risk propagation prevalence. Moreover, we find that the risk propagation …","https://scholar.google.com/scholar?cites=5537340802164881205&as_sdt=2005&sciodt=0,5&hl=en"
169,7,10.0,[HTML][HTML] The effect of adaptive behavior on risk propagation in industrial symbiosis networks,https://www.sciencedirect.com/science/article/pii/S0375960120307829,"J Yang, K Zheng - Physics Letters A, 2020 - Elsevier",… This paper establishes a risk propagation model of the ISN … on risk propagation. The results demonstrate that all the reconnection strategies play an inhibitory role in the risk propagation…,"https://scholar.google.com/scholar?cites=11737517944836321444&as_sdt=2005&sciodt=0,5&hl=en"
170,8,10.0,[HTML][HTML] Risk propagation model and simulation of schedule change in construction projects: A complex network approach,https://www.hindawi.com/journals/complexity/2020/8854609/,"Y Cheng, J Yuan, L Zhu, W Li - Complexity, 2020 - hindawi.com","… of schedule change risk propagation and help construction project managers to control risk propagation. Overall, this paper provides a framework for simulating risk propagation and is …","https://scholar.google.com/scholar?cites=13381905837874290519&as_sdt=2005&sciodt=0,5&hl=en"
171,9,10.0,Risk Propagation Model under Multi-dimensional Complex Relationship,https://ieeexplore.ieee.org/abstract/document/9137482/,"Y Zhao, Y Xu, N Li - … on Artificial Intelligence and Big Data …, 2020 - ieeexplore.ieee.org","… Therefore, researches on risk propagation algorithms based on complex … traditional risk propagation model, relevant scholars have proposed a nonlinear point-to-point risk propagation …","https://scholar.google.com/scholar?cites=441461912653587605&as_sdt=2005&sciodt=0,5&hl=en"
172,10,20.0,[HTML][HTML] Quality risk propagation of complex product collaborative manufacturing supply chain network based on CN and SoV,https://www.hindawi.com/journals/ddns/2020/8889903/,"T Li, H Chen, J Yuan, J Qian, AW Siyal - Discrete Dynamics in Nature …, 2020 - hindawi.com","… , supply chain risk propagation, and … risk propagation model of the complex product collaborative manufacturing supply chain to study the supply chain network quality risk propagation …","https://scholar.google.com/scholar?cites=4082343230376830751&as_sdt=2005&sciodt=0,5&hl=en"
173,11,20.0,Temporal and Spatial Evolution Analysis and Immunization Strategy Research of Power Grid Risk Propagation Based on Complex Network Theory,https://ieeexplore.ieee.org/abstract/document/9220401/,"C Ma, L Yan, Z Yang, W Chen… - 2020 12th IEEE PES …, 2020 - ieeexplore.ieee.org",… analyzing the power system risk propagation. There are two … evolution of power grid risk propagation based on complex … and proposes a power grid risk propagation SIR model. On the …,"https://scholar.google.com/scholar?cites=7716196377063006818&as_sdt=2005&sciodt=0,5&hl=en"
174,12,20.0,[CITATION][C] Flight Operation Risk Propagation Based on Complex Network,,"W Yan-tao, LIU Yu - Journal of Transportation Systems Engineering and …, 2020",,"https://scholar.google.com/scholar?cites=14959938052230443243&as_sdt=2005&sciodt=0,5&hl=en"
175,13,20.0,Bank default risk propagation along supply chains: Evidence from the UK,https://www.repository.cam.ac.uk/handle/1810/314711,"M Spatareanu, V Manole, A Kabiri, I Roland - 2020 - repository.cam.ac.uk",… Bank Default Risk Propagation along Supply Chains: Evidence from the UK … indirect effects through default risk propagation along supply chains. We consider … examine this …,"https://scholar.google.com/scholar?cites=15184020489278755933&as_sdt=2005&sciodt=0,5&hl=en"
176,14,20.0,Predicting Risk Propagation of Corporate Internet Reporting Based on Fuzzy Neural Network.,https://search.ebscohost.com/login.aspx?direct=true&profile=ehost&scope=site&authtype=crawler&jrnl=16331311&AN=146212389&h=%2FPHO1gwuQ6JlJujQlvUm3w1pdtlieK2sq70K9onezu99F2riP%2BM%2FWEc0HNlg2icSiA%2BxXhUz%2FsHiN6%2F%2B%2BvDOOQ%3D%3D&crl=c,"L Ou, L Chen - Ingénierie des Systèmes d'Information, 2020 - search.ebscohost.com","… CIR risks, this paper designs an CIR risk propagation model based on fuzzy neural network (… and risk propagation mode were summarized, and used to set up a risk propagation model. …","https://scholar.google.com/scholar?q=related:4uc7R7ZSK3MJ:scholar.google.com/&scioq=allintitle:%22risk+propagation%22&hl=en&as_sdt=0,5&as_ylo=2020&as_yhi=2020"
177,15,20.0,Bank default risk propagation along supply chains: evidence from the UK,https://ideas.repec.org/p/cep/cepdps/dp1699.html,"A Kabiri, V Malone, I Roland, M Spatareanu - 2020 - ideas.repec.org",How does banks' default risk affect the probability of default of non-financial businesses? The literature has addressed this question by focusing on the direct effects on the banks' …,"https://scholar.google.com/scholar?q=related:PUlidwquC4IJ:scholar.google.com/&scioq=allintitle:%22risk+propagation%22&hl=en&as_sdt=0,5&as_ylo=2020&as_yhi=2020"
178,16,20.0,[PDF][PDF] Social Human Rights–Risk Propagation amid Institutional Quandary,http://www.tfd.org.tw/export/sites/tfd/files/download/China_Human_Rights_Report_2019.pdf#page=121,"C Wang - Taiwan Foundation for Democracy, 2020 - tfd.org.tw","This chapter looks into social human rights status in China during 2019, how social human rights are upheld or compromised in three major aspects: the right to social security, to health, …","https://scholar.google.com/scholar?q=related:Q4HSFbLN8dsJ:scholar.google.com/&scioq=allintitle:%22risk+propagation%22&hl=en&as_sdt=0,5&as_ylo=2020&as_yhi=2020"
179,17,20.0,Modeling and Simulation of R&D Network Risk Propagation Considering Risk Perception of Enterprises,https://xtglxb.sjtu.edu.cn/EN/abstract/abstract1020.shtml,"LIU Hui, Y Naiding, Z Yanlu… - Journal of Systems & …, 2020 - xtglxb.sjtu.edu.cn","… This paper established a dynamic model of risk propagation in the R&D network based on … Finally, risk perception has a negative effect on the speed and the scale of risk propagation …","https://scholar.google.com/scholar?q=related:HTYRRViSvfYJ:scholar.google.com/&scioq=allintitle:%22risk+propagation%22&hl=en&as_sdt=0,5&as_ylo=2020&as_yhi=2020"
180,18,20.0,[CITATION][C] Flight operation risk propagation based on complex network,,"Y WANG, LIU Yu - Journal of Transportation Systems Engineering & …, 2020 - Science Press",,"https://scholar.google.com/scholar?cites=11615922455480977711&as_sdt=2005&sciodt=0,5&hl=en"
181,19,20.0,[PDF][PDF] CEP Discussion Paper No 1699 June 2020 Bank Default Risk Propagation along Supply Chains: Evidence from the UK Mariana Spatareanu,https://cep.lse.ac.uk/pubs/download/dp1699.pdf,"V Manole, A Kabiri, I Roland - 2020 - cep.lse.ac.uk","… We examine this question through the lens of default risk propagation from banks to firms, and across firms through supply-chain relationships. We providence evidence of significant …","https://scholar.google.com/scholar?q=related:Yo1Lt6g1YcoJ:scholar.google.com/&scioq=allintitle:%22risk+propagation%22&hl=en&as_sdt=0,5&as_ylo=2020&as_yhi=2020"
182,20,30.0,[CITATION][C] A method for determining risk propagation threshold of power cyber physical system network based on percolation theory [J],,"QU Zhaoyang, Z Tengyue, Z Yu, Q Nan, L Yuqing - Automation of Electric Power …, 2020",,"https://scholar.google.com/scholar?cites=8303704145235956055&as_sdt=2005&sciodt=0,5&hl=en"
183,21,30.0,Due diligence through risk analysis and belief propagation over provenance.,https://eprints.soton.ac.uk/447969/,BV Batlajery - 2020 - eprints.soton.ac.uk,"… Finally, PGM constitutes the last pillar in prFrame on account of its role as the principle means of risk propagation in the provenance-based product supply chain. To evaluate prFrame, …","https://scholar.google.com/scholar?q=related:J3hmB4ysGpoJ:scholar.google.com/&scioq=allintitle:%22risk+propagation%22&hl=en&as_sdt=0,5&as_ylo=2020&as_yhi=2020"
184,22,30.0,Conceptual Scheme Decision Model for Mechatronic Products Driven by Risk of Function Failure Propagation,https://www.mdpi.com/814610,"L Jing, Q Xu, T Sun, X Peng, J Li, F Gao, S Jiang - Sustainability, 2020 - mdpi.com","… Nowadays, the research of reliability analysis mainly focuses on the modeling of design risk propagation models [5], and the analysis of structural system failure modes in detailed …","https://scholar.google.com/scholar?cites=6989693087433326372&as_sdt=2005&sciodt=0,5&hl=en"
185,23,30.0,Infection Risk Score: Identifying the risk of infection propagation based on human contact,https://dl.acm.org/doi/abs/10.1145/3423459.3430754,"R Agarwal, A Banerjee - Proceedings of the 1st ACM SIGSPATIAL …, 2020 - dl.acm.org","… A key novelty of the proposed risk score is that it estimates the risk propagation, unlike existing literature that only assess immediate risk. The proposed risk score can be used to assess …","https://scholar.google.com/scholar?cites=10907058975079103159&as_sdt=2005&sciodt=0,5&hl=en"
